sub_sentence	context	target_sentence
inherited from his mother every trait, except the stray inexpressible few, that made him worth while.	Amory Blaine inherited from his mother every trait, except the stray inexpressible few, that made him worth while. His father, an ineffectual, inarticulate man with a taste for Byron and a habit of drowsing over the Encyclopedia Britannica, grew wealthy at thirty through the death of two elder brothers, successful Chicago brokers, and in the first flush of feeling that the world was his, went to Bar Harbor and met Beatrice O’Hara.	Amory Blaine inherited from his mother every trait, except the stray inexpressible few, that made him worth while.
two elder brothers	Amory Blaine inherited from his mother every trait, except the stray inexpressible few, that made him worth while. His father, an ineffectual, inarticulate man with a taste for Byron and a habit of drowsing over the Encyclopedia Britannica, grew wealthy at thirty through the death of two elder brothers, successful Chicago brokers, and in the first flush of feeling that the world was his, went to Bar Harbor and met Beatrice O’Hara. In consequence, Stephen Blaine handed down to posterity his height of just under six feet and his tendency to waver at crucial moments, these two abstractions appearing in his son Amory.	His father, an ineffectual, inarticulate man with a taste for Byron and a habit of drowsing over the Encyclopedia Britannica, grew wealthy at thirty through the death of two elder brothers, successful Chicago brokers, and in the first flush of feeling that the world was his, went to Bar Harbor and met Beatrice O’Hara.
the first flush	Amory Blaine inherited from his mother every trait, except the stray inexpressible few, that made him worth while. His father, an ineffectual, inarticulate man with a taste for Byron and a habit of drowsing over the Encyclopedia Britannica, grew wealthy at thirty through the death of two elder brothers, successful Chicago brokers, and in the first flush of feeling that the world was his, went to Bar Harbor and met Beatrice O’Hara. In consequence, Stephen Blaine handed down to posterity his height of just under six feet and his tendency to waver at crucial moments, these two abstractions appearing in his son Amory.	His father, an ineffectual, inarticulate man with a taste for Byron and a habit of drowsing over the Encyclopedia Britannica, grew wealthy at thirty through the death of two elder brothers, successful Chicago brokers, and in the first flush of feeling that the world was his, went to Bar Harbor and met Beatrice O’Hara.
the Encyclopedia Britannica	Amory Blaine inherited from his mother every trait, except the stray inexpressible few, that made him worth while. His father, an ineffectual, inarticulate man with a taste for Byron and a habit of drowsing over the Encyclopedia Britannica, grew wealthy at thirty through the death of two elder brothers, successful Chicago brokers, and in the first flush of feeling that the world was his, went to Bar Harbor and met Beatrice O’Hara. In consequence, Stephen Blaine handed down to posterity his height of just under six feet and his tendency to waver at crucial moments, these two abstractions appearing in his son Amory.	His father, an ineffectual, inarticulate man with a taste for Byron and a habit of drowsing over the Encyclopedia Britannica, grew wealthy at thirty through the death of two elder brothers, successful Chicago brokers, and in the first flush of feeling that the world was his, went to Bar Harbor and met Beatrice O’Hara.
grew wealthy at thirty through the death of two elder brothers, successful Chicago brokers, and in the first flush of feeling that the world was his, went to Bar Harbor and met Beatrice O’Hara.	Amory Blaine inherited from his mother every trait, except the stray inexpressible few, that made him worth while. His father, an ineffectual, inarticulate man with a taste for Byron and a habit of drowsing over the Encyclopedia Britannica, grew wealthy at thirty through the death of two elder brothers, successful Chicago brokers, and in the first flush of feeling that the world was his, went to Bar Harbor and met Beatrice O’Hara. In consequence, Stephen Blaine handed down to posterity his height of just under six feet and his tendency to waver at crucial moments, these two abstractions appearing in his son Amory.	His father, an ineffectual, inarticulate man with a taste for Byron and a habit of drowsing over the Encyclopedia Britannica, grew wealthy at thirty through the death of two elder brothers, successful Chicago brokers, and in the first flush of feeling that the world was his, went to Bar Harbor and met Beatrice O’Hara.
an ineffectual, inarticulate man	Amory Blaine inherited from his mother every trait, except the stray inexpressible few, that made him worth while. His father, an ineffectual, inarticulate man with a taste for Byron and a habit of drowsing over the Encyclopedia Britannica, grew wealthy at thirty through the death of two elder brothers, successful Chicago brokers, and in the first flush of feeling that the world was his, went to Bar Harbor and met Beatrice O’Hara. In consequence, Stephen Blaine handed down to posterity his height of just under six feet and his tendency to waver at crucial moments, these two abstractions appearing in his son Amory.	His father, an ineffectual, inarticulate man with a taste for Byron and a habit of drowsing over the Encyclopedia Britannica, grew wealthy at thirty through the death of two elder brothers, successful Chicago brokers, and in the first flush of feeling that the world was his, went to Bar Harbor and met Beatrice O’Hara.
successful Chicago brokers	Amory Blaine inherited from his mother every trait, except the stray inexpressible few, that made him worth while. His father, an ineffectual, inarticulate man with a taste for Byron and a habit of drowsing over the Encyclopedia Britannica, grew wealthy at thirty through the death of two elder brothers, successful Chicago brokers, and in the first flush of feeling that the world was his, went to Bar Harbor and met Beatrice O’Hara. In consequence, Stephen Blaine handed down to posterity his height of just under six feet and his tendency to waver at crucial moments, these two abstractions appearing in his son Amory.	His father, an ineffectual, inarticulate man with a taste for Byron and a habit of drowsing over the Encyclopedia Britannica, grew wealthy at thirty through the death of two elder brothers, successful Chicago brokers, and in the first flush of feeling that the world was his, went to Bar Harbor and met Beatrice O’Hara.
handed down to posterity his height of just under six feet and his tendency to waver at crucial moments, these two abstractions appearing in his son Amory.	His father, an ineffectual, inarticulate man with a taste for Byron and a habit of drowsing over the Encyclopedia Britannica, grew wealthy at thirty through the death of two elder brothers, successful Chicago brokers, and in the first flush of feeling that the world was his, went to Bar Harbor and met Beatrice O’Hara. In consequence, Stephen Blaine handed down to posterity his height of just under six feet and his tendency to waver at crucial moments, these two abstractions appearing in his son Amory. For many years he hovered in the background of his family’s life, an unassertive figure with a face half-obliterated by lifeless, silky hair, continually occupied in “taking care” of his wife, continually harassed by the idea that he didn’t and couldn’t understand her.	In consequence, Stephen Blaine handed down to posterity his height of just under six feet and his tendency to waver at crucial moments, these two abstractions appearing in his son Amory.
these two abstractions	His father, an ineffectual, inarticulate man with a taste for Byron and a habit of drowsing over the Encyclopedia Britannica, grew wealthy at thirty through the death of two elder brothers, successful Chicago brokers, and in the first flush of feeling that the world was his, went to Bar Harbor and met Beatrice O’Hara. In consequence, Stephen Blaine handed down to posterity his height of just under six feet and his tendency to waver at crucial moments, these two abstractions appearing in his son Amory. For many years he hovered in the background of his family’s life, an unassertive figure with a face half-obliterated by lifeless, silky hair, continually occupied in “taking care” of his wife, continually harassed by the idea that he didn’t and couldn’t understand her.	In consequence, Stephen Blaine handed down to posterity his height of just under six feet and his tendency to waver at crucial moments, these two abstractions appearing in his son Amory.
just under six feet	His father, an ineffectual, inarticulate man with a taste for Byron and a habit of drowsing over the Encyclopedia Britannica, grew wealthy at thirty through the death of two elder brothers, successful Chicago brokers, and in the first flush of feeling that the world was his, went to Bar Harbor and met Beatrice O’Hara. In consequence, Stephen Blaine handed down to posterity his height of just under six feet and his tendency to waver at crucial moments, these two abstractions appearing in his son Amory. For many years he hovered in the background of his family’s life, an unassertive figure with a face half-obliterated by lifeless, silky hair, continually occupied in “taking care” of his wife, continually harassed by the idea that he didn’t and couldn’t understand her.	In consequence, Stephen Blaine handed down to posterity his height of just under six feet and his tendency to waver at crucial moments, these two abstractions appearing in his son Amory.
crucial moments	His father, an ineffectual, inarticulate man with a taste for Byron and a habit of drowsing over the Encyclopedia Britannica, grew wealthy at thirty through the death of two elder brothers, successful Chicago brokers, and in the first flush of feeling that the world was his, went to Bar Harbor and met Beatrice O’Hara. In consequence, Stephen Blaine handed down to posterity his height of just under six feet and his tendency to waver at crucial moments, these two abstractions appearing in his son Amory. For many years he hovered in the background of his family’s life, an unassertive figure with a face half-obliterated by lifeless, silky hair, continually occupied in “taking care” of his wife, continually harassed by the idea that he didn’t and couldn’t understand her.	In consequence, Stephen Blaine handed down to posterity his height of just under six feet and his tendency to waver at crucial moments, these two abstractions appearing in his son Amory.
many years	In consequence, Stephen Blaine handed down to posterity his height of just under six feet and his tendency to waver at crucial moments, these two abstractions appearing in his son Amory. For many years he hovered in the background of his family’s life, an unassertive figure with a face half-obliterated by lifeless, silky hair, continually occupied in “taking care” of his wife, continually harassed by the idea that he didn’t and couldn’t understand her. But Beatrice Blaine!	For many years he hovered in the background of his family’s life, an unassertive figure with a face half-obliterated by lifeless, silky hair, continually occupied in “taking care” of his wife, continually harassed by the idea that he didn’t and couldn’t understand her.
an unassertive figure	In consequence, Stephen Blaine handed down to posterity his height of just under six feet and his tendency to waver at crucial moments, these two abstractions appearing in his son Amory. For many years he hovered in the background of his family’s life, an unassertive figure with a face half-obliterated by lifeless, silky hair, continually occupied in “taking care” of his wife, continually harassed by the idea that he didn’t and couldn’t understand her. But Beatrice Blaine!	For many years he hovered in the background of his family’s life, an unassertive figure with a face half-obliterated by lifeless, silky hair, continually occupied in “taking care” of his wife, continually harassed by the idea that he didn’t and couldn’t understand her.
lifeless, silky hair	In consequence, Stephen Blaine handed down to posterity his height of just under six feet and his tendency to waver at crucial moments, these two abstractions appearing in his son Amory. For many years he hovered in the background of his family’s life, an unassertive figure with a face half-obliterated by lifeless, silky hair, continually occupied in “taking care” of his wife, continually harassed by the idea that he didn’t and couldn’t understand her. But Beatrice Blaine!	For many years he hovered in the background of his family’s life, an unassertive figure with a face half-obliterated by lifeless, silky hair, continually occupied in “taking care” of his wife, continually harassed by the idea that he didn’t and couldn’t understand her.
hovered in the background of his family’s life, an unassertive figure with a face half-obliterated by lifeless, silky hair, continually occupied in “taking care” of his wife, continually harassed by the idea that he didn’t and couldn’t understand her.	In consequence, Stephen Blaine handed down to posterity his height of just under six feet and his tendency to waver at crucial moments, these two abstractions appearing in his son Amory. For many years he hovered in the background of his family’s life, an unassertive figure with a face half-obliterated by lifeless, silky hair, continually occupied in “taking care” of his wife, continually harassed by the idea that he didn’t and couldn’t understand her. But Beatrice Blaine!	For many years he hovered in the background of his family’s life, an unassertive figure with a face half-obliterated by lifeless, silky hair, continually occupied in “taking care” of his wife, continually harassed by the idea that he didn’t and couldn’t understand her.
his family’s life	In consequence, Stephen Blaine handed down to posterity his height of just under six feet and his tendency to waver at crucial moments, these two abstractions appearing in his son Amory. For many years he hovered in the background of his family’s life, an unassertive figure with a face half-obliterated by lifeless, silky hair, continually occupied in “taking care” of his wife, continually harassed by the idea that he didn’t and couldn’t understand her. But Beatrice Blaine!	For many years he hovered in the background of his family’s life, an unassertive figure with a face half-obliterated by lifeless, silky hair, continually occupied in “taking care” of his wife, continually harassed by the idea that he didn’t and couldn’t understand her.
But Beatrice Blaine	For many years he hovered in the background of his family’s life, an unassertive figure with a face half-obliterated by lifeless, silky hair, continually occupied in “taking care” of his wife, continually harassed by the idea that he didn’t and couldn’t understand her. But Beatrice Blaine! There was a woman!	But Beatrice Blaine!
delicacy of her features, the consummate art and simplicity of her clothes.	There was a woman! Early pictures taken on her father’s estate at Lake Geneva, Wisconsin, or in Rome at the Sacred Heart Convent—an educational extravagance that in her youth was only for the daughters of the exceptionally wealthy—showed the exquisite delicacy of her features, the consummate art and simplicity of her clothes. A brilliant education she had—her youth passed in renaissance glory, she was versed in the latest gossip of the Older Roman Families; known by name as a fabulously wealthy American girl to Cardinal Vitori and Queen Margherita and more subtle celebrities that one must have had some culture even to have heard of.	Early pictures taken on her father’s estate at Lake Geneva, Wisconsin, or in Rome at the Sacred Heart Convent—an educational extravagance that in her youth was only for the daughters of the exceptionally wealthy—showed the exquisite delicacy of her features, the consummate art and simplicity of her clothes.
the exquisite delicacy	There was a woman! Early pictures taken on her father’s estate at Lake Geneva, Wisconsin, or in Rome at the Sacred Heart Convent—an educational extravagance that in her youth was only for the daughters of the exceptionally wealthy—showed the exquisite delicacy of her features, the consummate art and simplicity of her clothes. A brilliant education she had—her youth passed in renaissance glory, she was versed in the latest gossip of the Older Roman Families; known by name as a fabulously wealthy American girl to Cardinal Vitori and Queen Margherita and more subtle celebrities that one must have had some culture even to have heard of.	Early pictures taken on her father’s estate at Lake Geneva, Wisconsin, or in Rome at the Sacred Heart Convent—an educational extravagance that in her youth was only for the daughters of the exceptionally wealthy—showed the exquisite delicacy of her features, the consummate art and simplicity of her clothes.
an educational extravagance	There was a woman! Early pictures taken on her father’s estate at Lake Geneva, Wisconsin, or in Rome at the Sacred Heart Convent—an educational extravagance that in her youth was only for the daughters of the exceptionally wealthy—showed the exquisite delicacy of her features, the consummate art and simplicity of her clothes. A brilliant education she had—her youth passed in renaissance glory, she was versed in the latest gossip of the Older Roman Families; known by name as a fabulously wealthy American girl to Cardinal Vitori and Queen Margherita and more subtle celebrities that one must have had some culture even to have heard of.	Early pictures taken on her father’s estate at Lake Geneva, Wisconsin, or in Rome at the Sacred Heart Convent—an educational extravagance that in her youth was only for the daughters of the exceptionally wealthy—showed the exquisite delicacy of her features, the consummate art and simplicity of her clothes.
the Sacred Heart Convent	There was a woman! Early pictures taken on her father’s estate at Lake Geneva, Wisconsin, or in Rome at the Sacred Heart Convent—an educational extravagance that in her youth was only for the daughters of the exceptionally wealthy—showed the exquisite delicacy of her features, the consummate art and simplicity of her clothes. A brilliant education she had—her youth passed in renaissance glory, she was versed in the latest gossip of the Older Roman Families; known by name as a fabulously wealthy American girl to Cardinal Vitori and Queen Margherita and more subtle celebrities that one must have had some culture even to have heard of.	Early pictures taken on her father’s estate at Lake Geneva, Wisconsin, or in Rome at the Sacred Heart Convent—an educational extravagance that in her youth was only for the daughters of the exceptionally wealthy—showed the exquisite delicacy of her features, the consummate art and simplicity of her clothes.
the consummate art	There was a woman! Early pictures taken on her father’s estate at Lake Geneva, Wisconsin, or in Rome at the Sacred Heart Convent—an educational extravagance that in her youth was only for the daughters of the exceptionally wealthy—showed the exquisite delicacy of her features, the consummate art and simplicity of her clothes. A brilliant education she had—her youth passed in renaissance glory, she was versed in the latest gossip of the Older Roman Families; known by name as a fabulously wealthy American girl to Cardinal Vitori and Queen Margherita and more subtle celebrities that one must have had some culture even to have heard of.	Early pictures taken on her father’s estate at Lake Geneva, Wisconsin, or in Rome at the Sacred Heart Convent—an educational extravagance that in her youth was only for the daughters of the exceptionally wealthy—showed the exquisite delicacy of her features, the consummate art and simplicity of her clothes.
her father’s estate	There was a woman! Early pictures taken on her father’s estate at Lake Geneva, Wisconsin, or in Rome at the Sacred Heart Convent—an educational extravagance that in her youth was only for the daughters of the exceptionally wealthy—showed the exquisite delicacy of her features, the consummate art and simplicity of her clothes. A brilliant education she had—her youth passed in renaissance glory, she was versed in the latest gossip of the Older Roman Families; known by name as a fabulously wealthy American girl to Cardinal Vitori and Queen Margherita and more subtle celebrities that one must have had some culture even to have heard of.	Early pictures taken on her father’s estate at Lake Geneva, Wisconsin, or in Rome at the Sacred Heart Convent—an educational extravagance that in her youth was only for the daughters of the exceptionally wealthy—showed the exquisite delicacy of her features, the consummate art and simplicity of her clothes.
Early pictures	There was a woman! Early pictures taken on her father’s estate at Lake Geneva, Wisconsin, or in Rome at the Sacred Heart Convent—an educational extravagance that in her youth was only for the daughters of the exceptionally wealthy—showed the exquisite delicacy of her features, the consummate art and simplicity of her clothes. A brilliant education she had—her youth passed in renaissance glory, she was versed in the latest gossip of the Older Roman Families; known by name as a fabulously wealthy American girl to Cardinal Vitori and Queen Margherita and more subtle celebrities that one must have had some culture even to have heard of.	Early pictures taken on her father’s estate at Lake Geneva, Wisconsin, or in Rome at the Sacred Heart Convent—an educational extravagance that in her youth was only for the daughters of the exceptionally wealthy—showed the exquisite delicacy of her features, the consummate art and simplicity of her clothes.
the latest gossip	Early pictures taken on her father’s estate at Lake Geneva, Wisconsin, or in Rome at the Sacred Heart Convent—an educational extravagance that in her youth was only for the daughters of the exceptionally wealthy—showed the exquisite delicacy of her features, the consummate art and simplicity of her clothes. A brilliant education she had—her youth passed in renaissance glory, she was versed in the latest gossip of the Older Roman Families; known by name as a fabulously wealthy American girl to Cardinal Vitori and Queen Margherita and more subtle celebrities that one must have had some culture even to have heard of. She learned in England to prefer whiskey and soda to wine, and her small talk was broadened in two senses during a winter in Vienna.	A brilliant education she had—her youth passed in renaissance glory, she was versed in the latest gossip of the Older Roman Families; known by name as a fabulously wealthy American girl to Cardinal Vitori and Queen Margherita and more subtle celebrities that one must have had some culture even to have heard of.
the Older Roman Families	Early pictures taken on her father’s estate at Lake Geneva, Wisconsin, or in Rome at the Sacred Heart Convent—an educational extravagance that in her youth was only for the daughters of the exceptionally wealthy—showed the exquisite delicacy of her features, the consummate art and simplicity of her clothes. A brilliant education she had—her youth passed in renaissance glory, she was versed in the latest gossip of the Older Roman Families; known by name as a fabulously wealthy American girl to Cardinal Vitori and Queen Margherita and more subtle celebrities that one must have had some culture even to have heard of. She learned in England to prefer whiskey and soda to wine, and her small talk was broadened in two senses during a winter in Vienna.	A brilliant education she had—her youth passed in renaissance glory, she was versed in the latest gossip of the Older Roman Families; known by name as a fabulously wealthy American girl to Cardinal Vitori and Queen Margherita and more subtle celebrities that one must have had some culture even to have heard of.
more subtle celebrities	Early pictures taken on her father’s estate at Lake Geneva, Wisconsin, or in Rome at the Sacred Heart Convent—an educational extravagance that in her youth was only for the daughters of the exceptionally wealthy—showed the exquisite delicacy of her features, the consummate art and simplicity of her clothes. A brilliant education she had—her youth passed in renaissance glory, she was versed in the latest gossip of the Older Roman Families; known by name as a fabulously wealthy American girl to Cardinal Vitori and Queen Margherita and more subtle celebrities that one must have had some culture even to have heard of. She learned in England to prefer whiskey and soda to wine, and her small talk was broadened in two senses during a winter in Vienna.	A brilliant education she had—her youth passed in renaissance glory, she was versed in the latest gossip of the Older Roman Families; known by name as a fabulously wealthy American girl to Cardinal Vitori and Queen Margherita and more subtle celebrities that one must have had some culture even to have heard of.
A brilliant education	Early pictures taken on her father’s estate at Lake Geneva, Wisconsin, or in Rome at the Sacred Heart Convent—an educational extravagance that in her youth was only for the daughters of the exceptionally wealthy—showed the exquisite delicacy of her features, the consummate art and simplicity of her clothes. A brilliant education she had—her youth passed in renaissance glory, she was versed in the latest gossip of the Older Roman Families; known by name as a fabulously wealthy American girl to Cardinal Vitori and Queen Margherita and more subtle celebrities that one must have had some culture even to have heard of. She learned in England to prefer whiskey and soda to wine, and her small talk was broadened in two senses during a winter in Vienna.	A brilliant education she had—her youth passed in renaissance glory, she was versed in the latest gossip of the Older Roman Families; known by name as a fabulously wealthy American girl to Cardinal Vitori and Queen Margherita and more subtle celebrities that one must have had some culture even to have heard of.
renaissance glory	Early pictures taken on her father’s estate at Lake Geneva, Wisconsin, or in Rome at the Sacred Heart Convent—an educational extravagance that in her youth was only for the daughters of the exceptionally wealthy—showed the exquisite delicacy of her features, the consummate art and simplicity of her clothes. A brilliant education she had—her youth passed in renaissance glory, she was versed in the latest gossip of the Older Roman Families; known by name as a fabulously wealthy American girl to Cardinal Vitori and Queen Margherita and more subtle celebrities that one must have had some culture even to have heard of. She learned in England to prefer whiskey and soda to wine, and her small talk was broadened in two senses during a winter in Vienna.	A brilliant education she had—her youth passed in renaissance glory, she was versed in the latest gossip of the Older Roman Families; known by name as a fabulously wealthy American girl to Cardinal Vitori and Queen Margherita and more subtle celebrities that one must have had some culture even to have heard of.
celebrities that one must have had some culture even to have heard of.	Early pictures taken on her father’s estate at Lake Geneva, Wisconsin, or in Rome at the Sacred Heart Convent—an educational extravagance that in her youth was only for the daughters of the exceptionally wealthy—showed the exquisite delicacy of her features, the consummate art and simplicity of her clothes. A brilliant education she had—her youth passed in renaissance glory, she was versed in the latest gossip of the Older Roman Families; known by name as a fabulously wealthy American girl to Cardinal Vitori and Queen Margherita and more subtle celebrities that one must have had some culture even to have heard of. She learned in England to prefer whiskey and soda to wine, and her small talk was broadened in two senses during a winter in Vienna.	A brilliant education she had—her youth passed in renaissance glory, she was versed in the latest gossip of the Older Roman Families; known by name as a fabulously wealthy American girl to Cardinal Vitori and Queen Margherita and more subtle celebrities that one must have had some culture even to have heard of.
a fabulously wealthy American girl	Early pictures taken on her father’s estate at Lake Geneva, Wisconsin, or in Rome at the Sacred Heart Convent—an educational extravagance that in her youth was only for the daughters of the exceptionally wealthy—showed the exquisite delicacy of her features, the consummate art and simplicity of her clothes. A brilliant education she had—her youth passed in renaissance glory, she was versed in the latest gossip of the Older Roman Families; known by name as a fabulously wealthy American girl to Cardinal Vitori and Queen Margherita and more subtle celebrities that one must have had some culture even to have heard of. She learned in England to prefer whiskey and soda to wine, and her small talk was broadened in two senses during a winter in Vienna.	A brilliant education she had—her youth passed in renaissance glory, she was versed in the latest gossip of the Older Roman Families; known by name as a fabulously wealthy American girl to Cardinal Vitori and Queen Margherita and more subtle celebrities that one must have had some culture even to have heard of.
her small talk	A brilliant education she had—her youth passed in renaissance glory, she was versed in the latest gossip of the Older Roman Families; known by name as a fabulously wealthy American girl to Cardinal Vitori and Queen Margherita and more subtle celebrities that one must have had some culture even to have heard of. She learned in England to prefer whiskey and soda to wine, and her small talk was broadened in two senses during a winter in Vienna. All in all Beatrice O’Hara absorbed the sort of education that will be quite impossible ever again; a tutelage measured by the number of things and people one could be contemptuous of and charming about; a culture rich in all arts and traditions, barren of all ideas, in the last of those days when the great gardener clipped the inferior roses to produce one perfect bud.	She learned in England to prefer whiskey and soda to wine, and her small talk was broadened in two senses during a winter in Vienna.
two senses	A brilliant education she had—her youth passed in renaissance glory, she was versed in the latest gossip of the Older Roman Families; known by name as a fabulously wealthy American girl to Cardinal Vitori and Queen Margherita and more subtle celebrities that one must have had some culture even to have heard of. She learned in England to prefer whiskey and soda to wine, and her small talk was broadened in two senses during a winter in Vienna. All in all Beatrice O’Hara absorbed the sort of education that will be quite impossible ever again; a tutelage measured by the number of things and people one could be contemptuous of and charming about; a culture rich in all arts and traditions, barren of all ideas, in the last of those days when the great gardener clipped the inferior roses to produce one perfect bud.	She learned in England to prefer whiskey and soda to wine, and her small talk was broadened in two senses during a winter in Vienna.
winter in Vienna.	A brilliant education she had—her youth passed in renaissance glory, she was versed in the latest gossip of the Older Roman Families; known by name as a fabulously wealthy American girl to Cardinal Vitori and Queen Margherita and more subtle celebrities that one must have had some culture even to have heard of. She learned in England to prefer whiskey and soda to wine, and her small talk was broadened in two senses during a winter in Vienna. All in all Beatrice O’Hara absorbed the sort of education that will be quite impossible ever again; a tutelage measured by the number of things and people one could be contemptuous of and charming about; a culture rich in all arts and traditions, barren of all ideas, in the last of those days when the great gardener clipped the inferior roses to produce one perfect bud.	She learned in England to prefer whiskey and soda to wine, and her small talk was broadened in two senses during a winter in Vienna.
the inferior roses	She learned in England to prefer whiskey and soda to wine, and her small talk was broadened in two senses during a winter in Vienna. All in all Beatrice O’Hara absorbed the sort of education that will be quite impossible ever again; a tutelage measured by the number of things and people one could be contemptuous of and charming about; a culture rich in all arts and traditions, barren of all ideas, in the last of those days when the great gardener clipped the inferior roses to produce one perfect bud. In her less important moments she returned to America, met Stephen Blaine and married him—this almost entirely because she was a little bit weary, a little bit sad.	All in all Beatrice O’Hara absorbed the sort of education that will be quite impossible ever again; a tutelage measured by the number of things and people one could be contemptuous of and charming about; a culture rich in all arts and traditions, barren of all ideas, in the last of those days when the great gardener clipped the inferior roses to produce one perfect bud.
number of things and people one could be contemptuous of and charming about; a culture rich in all arts and traditions, barren of all ideas, in the last of those days when the great gardener clipped the inferior roses to produce one perfect bud.	She learned in England to prefer whiskey and soda to wine, and her small talk was broadened in two senses during a winter in Vienna. All in all Beatrice O’Hara absorbed the sort of education that will be quite impossible ever again; a tutelage measured by the number of things and people one could be contemptuous of and charming about; a culture rich in all arts and traditions, barren of all ideas, in the last of those days when the great gardener clipped the inferior roses to produce one perfect bud. In her less important moments she returned to America, met Stephen Blaine and married him—this almost entirely because she was a little bit weary, a little bit sad.	All in all Beatrice O’Hara absorbed the sort of education that will be quite impossible ever again; a tutelage measured by the number of things and people one could be contemptuous of and charming about; a culture rich in all arts and traditions, barren of all ideas, in the last of those days when the great gardener clipped the inferior roses to produce one perfect bud.
one perfect bud	She learned in England to prefer whiskey and soda to wine, and her small talk was broadened in two senses during a winter in Vienna. All in all Beatrice O’Hara absorbed the sort of education that will be quite impossible ever again; a tutelage measured by the number of things and people one could be contemptuous of and charming about; a culture rich in all arts and traditions, barren of all ideas, in the last of those days when the great gardener clipped the inferior roses to produce one perfect bud. In her less important moments she returned to America, met Stephen Blaine and married him—this almost entirely because she was a little bit weary, a little bit sad.	All in all Beatrice O’Hara absorbed the sort of education that will be quite impossible ever again; a tutelage measured by the number of things and people one could be contemptuous of and charming about; a culture rich in all arts and traditions, barren of all ideas, in the last of those days when the great gardener clipped the inferior roses to produce one perfect bud.
the great gardener	She learned in England to prefer whiskey and soda to wine, and her small talk was broadened in two senses during a winter in Vienna. All in all Beatrice O’Hara absorbed the sort of education that will be quite impossible ever again; a tutelage measured by the number of things and people one could be contemptuous of and charming about; a culture rich in all arts and traditions, barren of all ideas, in the last of those days when the great gardener clipped the inferior roses to produce one perfect bud. In her less important moments she returned to America, met Stephen Blaine and married him—this almost entirely because she was a little bit weary, a little bit sad.	All in all Beatrice O’Hara absorbed the sort of education that will be quite impossible ever again; a tutelage measured by the number of things and people one could be contemptuous of and charming about; a culture rich in all arts and traditions, barren of all ideas, in the last of those days when the great gardener clipped the inferior roses to produce one perfect bud.
all Beatrice O’Hara	She learned in England to prefer whiskey and soda to wine, and her small talk was broadened in two senses during a winter in Vienna. All in all Beatrice O’Hara absorbed the sort of education that will be quite impossible ever again; a tutelage measured by the number of things and people one could be contemptuous of and charming about; a culture rich in all arts and traditions, barren of all ideas, in the last of those days when the great gardener clipped the inferior roses to produce one perfect bud. In her less important moments she returned to America, met Stephen Blaine and married him—this almost entirely because she was a little bit weary, a little bit sad.	All in all Beatrice O’Hara absorbed the sort of education that will be quite impossible ever again; a tutelage measured by the number of things and people one could be contemptuous of and charming about; a culture rich in all arts and traditions, barren of all ideas, in the last of those days when the great gardener clipped the inferior roses to produce one perfect bud.
was a little bit weary, a little bit sad.	All in all Beatrice O’Hara absorbed the sort of education that will be quite impossible ever again; a tutelage measured by the number of things and people one could be contemptuous of and charming about; a culture rich in all arts and traditions, barren of all ideas, in the last of those days when the great gardener clipped the inferior roses to produce one perfect bud. In her less important moments she returned to America, met Stephen Blaine and married him—this almost entirely because she was a little bit weary, a little bit sad. Her only child was carried through a tiresome season and brought into the world on a spring day in ninety-six.	In her less important moments she returned to America, met Stephen Blaine and married him—this almost entirely because she was a little bit weary, a little bit sad.
her less important moments	All in all Beatrice O’Hara absorbed the sort of education that will be quite impossible ever again; a tutelage measured by the number of things and people one could be contemptuous of and charming about; a culture rich in all arts and traditions, barren of all ideas, in the last of those days when the great gardener clipped the inferior roses to produce one perfect bud. In her less important moments she returned to America, met Stephen Blaine and married him—this almost entirely because she was a little bit weary, a little bit sad. Her only child was carried through a tiresome season and brought into the world on a spring day in ninety-six.	In her less important moments she returned to America, met Stephen Blaine and married him—this almost entirely because she was a little bit weary, a little bit sad.
Her only child	In her less important moments she returned to America, met Stephen Blaine and married him—this almost entirely because she was a little bit weary, a little bit sad. Her only child was carried through a tiresome season and brought into the world on a spring day in ninety-six. When Amory was five he was already a delightful companion for her.	Her only child was carried through a tiresome season and brought into the world on a spring day in ninety-six.
a spring day	In her less important moments she returned to America, met Stephen Blaine and married him—this almost entirely because she was a little bit weary, a little bit sad. Her only child was carried through a tiresome season and brought into the world on a spring day in ninety-six. When Amory was five he was already a delightful companion for her.	Her only child was carried through a tiresome season and brought into the world on a spring day in ninety-six.
a tiresome season	In her less important moments she returned to America, met Stephen Blaine and married him—this almost entirely because she was a little bit weary, a little bit sad. Her only child was carried through a tiresome season and brought into the world on a spring day in ninety-six. When Amory was five he was already a delightful companion for her.	Her only child was carried through a tiresome season and brought into the world on a spring day in ninety-six.
brought into the world on a spring day in ninety-six.	In her less important moments she returned to America, met Stephen Blaine and married him—this almost entirely because she was a little bit weary, a little bit sad. Her only child was carried through a tiresome season and brought into the world on a spring day in ninety-six. When Amory was five he was already a delightful companion for her.	Her only child was carried through a tiresome season and brought into the world on a spring day in ninety-six.
a delightful companion	Her only child was carried through a tiresome season and brought into the world on a spring day in ninety-six. When Amory was five he was already a delightful companion for her. He was an auburn-haired boy, with great, handsome eyes which he would grow up to in time, a facile imaginative mind and a taste for fancy dress.	When Amory was five he was already a delightful companion for her.
was already a delightful companion for her.	Her only child was carried through a tiresome season and brought into the world on a spring day in ninety-six. When Amory was five he was already a delightful companion for her. He was an auburn-haired boy, with great, handsome eyes which he would grow up to in time, a facile imaginative mind and a taste for fancy dress.	When Amory was five he was already a delightful companion for her.
great, handsome eyes	When Amory was five he was already a delightful companion for her. He was an auburn-haired boy, with great, handsome eyes which he would grow up to in time, a facile imaginative mind and a taste for fancy dress. From his fourth to his tenth year he did the country with his mother in her father’s private car, from Coronado, where his mother became so bored that she had a nervous breakdown in a fashionable hotel, down to Mexico City, where she took a mild, almost epidemic consumption.	He was an auburn-haired boy, with great, handsome eyes which he would grow up to in time, a facile imaginative mind and a taste for fancy dress.
an auburn-haired boy	When Amory was five he was already a delightful companion for her. He was an auburn-haired boy, with great, handsome eyes which he would grow up to in time, a facile imaginative mind and a taste for fancy dress. From his fourth to his tenth year he did the country with his mother in her father’s private car, from Coronado, where his mother became so bored that she had a nervous breakdown in a fashionable hotel, down to Mexico City, where she took a mild, almost epidemic consumption.	He was an auburn-haired boy, with great, handsome eyes which he would grow up to in time, a facile imaginative mind and a taste for fancy dress.
grow up to in time, a facile imaginative mind and a taste for fancy dress.	When Amory was five he was already a delightful companion for her. He was an auburn-haired boy, with great, handsome eyes which he would grow up to in time, a facile imaginative mind and a taste for fancy dress. From his fourth to his tenth year he did the country with his mother in her father’s private car, from Coronado, where his mother became so bored that she had a nervous breakdown in a fashionable hotel, down to Mexico City, where she took a mild, almost epidemic consumption.	He was an auburn-haired boy, with great, handsome eyes which he would grow up to in time, a facile imaginative mind and a taste for fancy dress.
a facile imaginative mind	When Amory was five he was already a delightful companion for her. He was an auburn-haired boy, with great, handsome eyes which he would grow up to in time, a facile imaginative mind and a taste for fancy dress. From his fourth to his tenth year he did the country with his mother in her father’s private car, from Coronado, where his mother became so bored that she had a nervous breakdown in a fashionable hotel, down to Mexico City, where she took a mild, almost epidemic consumption.	He was an auburn-haired boy, with great, handsome eyes which he would grow up to in time, a facile imaginative mind and a taste for fancy dress.
fancy dress	When Amory was five he was already a delightful companion for her. He was an auburn-haired boy, with great, handsome eyes which he would grow up to in time, a facile imaginative mind and a taste for fancy dress. From his fourth to his tenth year he did the country with his mother in her father’s private car, from Coronado, where his mother became so bored that she had a nervous breakdown in a fashionable hotel, down to Mexico City, where she took a mild, almost epidemic consumption.	He was an auburn-haired boy, with great, handsome eyes which he would grow up to in time, a facile imaginative mind and a taste for fancy dress.
a fashionable hotel	He was an auburn-haired boy, with great, handsome eyes which he would grow up to in time, a facile imaginative mind and a taste for fancy dress. From his fourth to his tenth year he did the country with his mother in her father’s private car, from Coronado, where his mother became so bored that she had a nervous breakdown in a fashionable hotel, down to Mexico City, where she took a mild, almost epidemic consumption. This trouble pleased her, and later she made use of it as an intrinsic part of her atmosphere—especially after several astounding bracers.	From his fourth to his tenth year he did the country with his mother in her father’s private car, from Coronado, where his mother became so bored that she had a nervous breakdown in a fashionable hotel, down to Mexico City, where she took a mild, almost epidemic consumption.
his tenth year	He was an auburn-haired boy, with great, handsome eyes which he would grow up to in time, a facile imaginative mind and a taste for fancy dress. From his fourth to his tenth year he did the country with his mother in her father’s private car, from Coronado, where his mother became so bored that she had a nervous breakdown in a fashionable hotel, down to Mexico City, where she took a mild, almost epidemic consumption. This trouble pleased her, and later she made use of it as an intrinsic part of her atmosphere—especially after several astounding bracers.	From his fourth to his tenth year he did the country with his mother in her father’s private car, from Coronado, where his mother became so bored that she had a nervous breakdown in a fashionable hotel, down to Mexico City, where she took a mild, almost epidemic consumption.
a mild, almost epidemic consumption	He was an auburn-haired boy, with great, handsome eyes which he would grow up to in time, a facile imaginative mind and a taste for fancy dress. From his fourth to his tenth year he did the country with his mother in her father’s private car, from Coronado, where his mother became so bored that she had a nervous breakdown in a fashionable hotel, down to Mexico City, where she took a mild, almost epidemic consumption. This trouble pleased her, and later she made use of it as an intrinsic part of her atmosphere—especially after several astounding bracers.	From his fourth to his tenth year he did the country with his mother in her father’s private car, from Coronado, where his mother became so bored that she had a nervous breakdown in a fashionable hotel, down to Mexico City, where she took a mild, almost epidemic consumption.
a nervous breakdown	He was an auburn-haired boy, with great, handsome eyes which he would grow up to in time, a facile imaginative mind and a taste for fancy dress. From his fourth to his tenth year he did the country with his mother in her father’s private car, from Coronado, where his mother became so bored that she had a nervous breakdown in a fashionable hotel, down to Mexico City, where she took a mild, almost epidemic consumption. This trouble pleased her, and later she made use of it as an intrinsic part of her atmosphere—especially after several astounding bracers.	From his fourth to his tenth year he did the country with his mother in her father’s private car, from Coronado, where his mother became so bored that she had a nervous breakdown in a fashionable hotel, down to Mexico City, where she took a mild, almost epidemic consumption.
down to Mexico City, where she took a mild, almost epidemic consumption.	He was an auburn-haired boy, with great, handsome eyes which he would grow up to in time, a facile imaginative mind and a taste for fancy dress. From his fourth to his tenth year he did the country with his mother in her father’s private car, from Coronado, where his mother became so bored that she had a nervous breakdown in a fashionable hotel, down to Mexico City, where she took a mild, almost epidemic consumption. This trouble pleased her, and later she made use of it as an intrinsic part of her atmosphere—especially after several astounding bracers.	From his fourth to his tenth year he did the country with his mother in her father’s private car, from Coronado, where his mother became so bored that she had a nervous breakdown in a fashionable hotel, down to Mexico City, where she took a mild, almost epidemic consumption.
her father’s private car	He was an auburn-haired boy, with great, handsome eyes which he would grow up to in time, a facile imaginative mind and a taste for fancy dress. From his fourth to his tenth year he did the country with his mother in her father’s private car, from Coronado, where his mother became so bored that she had a nervous breakdown in a fashionable hotel, down to Mexico City, where she took a mild, almost epidemic consumption. This trouble pleased her, and later she made use of it as an intrinsic part of her atmosphere—especially after several astounding bracers.	From his fourth to his tenth year he did the country with his mother in her father’s private car, from Coronado, where his mother became so bored that she had a nervous breakdown in a fashionable hotel, down to Mexico City, where she took a mild, almost epidemic consumption.
made use of it as an intrinsic part of her atmosphere—especially after several astounding bracers.	From his fourth to his tenth year he did the country with his mother in her father’s private car, from Coronado, where his mother became so bored that she had a nervous breakdown in a fashionable hotel, down to Mexico City, where she took a mild, almost epidemic consumption. This trouble pleased her, and later she made use of it as an intrinsic part of her atmosphere—especially after several astounding bracers. So, while more or less fortunate little rich boys were defying governesses on the beach at Newport, or being spanked or tutored or read to from Do and Dare, or Frank on the Mississippi, Amory was biting acquiescent bellboys in the Waldorf, outgrowing a natural repugnance to chamber music and symphonies, and deriving a highly specialized education from his mother.	This trouble pleased her, and later she made use of it as an intrinsic part of her atmosphere—especially after several astounding bracers.
an intrinsic part	From his fourth to his tenth year he did the country with his mother in her father’s private car, from Coronado, where his mother became so bored that she had a nervous breakdown in a fashionable hotel, down to Mexico City, where she took a mild, almost epidemic consumption. This trouble pleased her, and later she made use of it as an intrinsic part of her atmosphere—especially after several astounding bracers. So, while more or less fortunate little rich boys were defying governesses on the beach at Newport, or being spanked or tutored or read to from Do and Dare, or Frank on the Mississippi, Amory was biting acquiescent bellboys in the Waldorf, outgrowing a natural repugnance to chamber music and symphonies, and deriving a highly specialized education from his mother.	This trouble pleased her, and later she made use of it as an intrinsic part of her atmosphere—especially after several astounding bracers.
several astounding bracers	From his fourth to his tenth year he did the country with his mother in her father’s private car, from Coronado, where his mother became so bored that she had a nervous breakdown in a fashionable hotel, down to Mexico City, where she took a mild, almost epidemic consumption. This trouble pleased her, and later she made use of it as an intrinsic part of her atmosphere—especially after several astounding bracers. So, while more or less fortunate little rich boys were defying governesses on the beach at Newport, or being spanked or tutored or read to from Do and Dare, or Frank on the Mississippi, Amory was biting acquiescent bellboys in the Waldorf, outgrowing a natural repugnance to chamber music and symphonies, and deriving a highly specialized education from his mother.	This trouble pleased her, and later she made use of it as an intrinsic part of her atmosphere—especially after several astounding bracers.
more or less fortunate little rich boys	This trouble pleased her, and later she made use of it as an intrinsic part of her atmosphere—especially after several astounding bracers. So, while more or less fortunate little rich boys were defying governesses on the beach at Newport, or being spanked or tutored or read to from Do and Dare, or Frank on the Mississippi, Amory was biting acquiescent bellboys in the Waldorf, outgrowing a natural repugnance to chamber music and symphonies, and deriving a highly specialized education from his mother. “Amory.”	So, while more or less fortunate little rich boys were defying governesses on the beach at Newport, or being spanked or tutored or read to from Do and Dare, or Frank on the Mississippi, Amory was biting acquiescent bellboys in the Waldorf, outgrowing a natural repugnance to chamber music and symphonies, and deriving a highly specialized education from his mother.
a highly specialized education	This trouble pleased her, and later she made use of it as an intrinsic part of her atmosphere—especially after several astounding bracers. So, while more or less fortunate little rich boys were defying governesses on the beach at Newport, or being spanked or tutored or read to from Do and Dare, or Frank on the Mississippi, Amory was biting acquiescent bellboys in the Waldorf, outgrowing a natural repugnance to chamber music and symphonies, and deriving a highly specialized education from his mother. “Amory.”	So, while more or less fortunate little rich boys were defying governesses on the beach at Newport, or being spanked or tutored or read to from Do and Dare, or Frank on the Mississippi, Amory was biting acquiescent bellboys in the Waldorf, outgrowing a natural repugnance to chamber music and symphonies, and deriving a highly specialized education from his mother.
read to from Do and Dare, or Frank on the Mississippi, Amory was biting acquiescent bellboys in the Waldorf, outgrowing a natural repugnance to chamber music and symphonies, and deriving a highly specialized education from his mother.	This trouble pleased her, and later she made use of it as an intrinsic part of her atmosphere—especially after several astounding bracers. So, while more or less fortunate little rich boys were defying governesses on the beach at Newport, or being spanked or tutored or read to from Do and Dare, or Frank on the Mississippi, Amory was biting acquiescent bellboys in the Waldorf, outgrowing a natural repugnance to chamber music and symphonies, and deriving a highly specialized education from his mother. “Amory.”	So, while more or less fortunate little rich boys were defying governesses on the beach at Newport, or being spanked or tutored or read to from Do and Dare, or Frank on the Mississippi, Amory was biting acquiescent bellboys in the Waldorf, outgrowing a natural repugnance to chamber music and symphonies, and deriving a highly specialized education from his mother.
acquiescent bellboys	This trouble pleased her, and later she made use of it as an intrinsic part of her atmosphere—especially after several astounding bracers. So, while more or less fortunate little rich boys were defying governesses on the beach at Newport, or being spanked or tutored or read to from Do and Dare, or Frank on the Mississippi, Amory was biting acquiescent bellboys in the Waldorf, outgrowing a natural repugnance to chamber music and symphonies, and deriving a highly specialized education from his mother. “Amory.”	So, while more or less fortunate little rich boys were defying governesses on the beach at Newport, or being spanked or tutored or read to from Do and Dare, or Frank on the Mississippi, Amory was biting acquiescent bellboys in the Waldorf, outgrowing a natural repugnance to chamber music and symphonies, and deriving a highly specialized education from his mother.
chamber music	This trouble pleased her, and later she made use of it as an intrinsic part of her atmosphere—especially after several astounding bracers. So, while more or less fortunate little rich boys were defying governesses on the beach at Newport, or being spanked or tutored or read to from Do and Dare, or Frank on the Mississippi, Amory was biting acquiescent bellboys in the Waldorf, outgrowing a natural repugnance to chamber music and symphonies, and deriving a highly specialized education from his mother. “Amory.”	So, while more or less fortunate little rich boys were defying governesses on the beach at Newport, or being spanked or tutored or read to from Do and Dare, or Frank on the Mississippi, Amory was biting acquiescent bellboys in the Waldorf, outgrowing a natural repugnance to chamber music and symphonies, and deriving a highly specialized education from his mother.
a natural repugnance	This trouble pleased her, and later she made use of it as an intrinsic part of her atmosphere—especially after several astounding bracers. So, while more or less fortunate little rich boys were defying governesses on the beach at Newport, or being spanked or tutored or read to from Do and Dare, or Frank on the Mississippi, Amory was biting acquiescent bellboys in the Waldorf, outgrowing a natural repugnance to chamber music and symphonies, and deriving a highly specialized education from his mother. “Amory.”	So, while more or less fortunate little rich boys were defying governesses on the beach at Newport, or being spanked or tutored or read to from Do and Dare, or Frank on the Mississippi, Amory was biting acquiescent bellboys in the Waldorf, outgrowing a natural repugnance to chamber music and symphonies, and deriving a highly specialized education from his mother.
“Yes, Beatrice	“Amory.” “Yes, Beatrice.” (Such a quaint name for his mother; she encouraged it.)	“Yes, Beatrice.”
name for his mother; she encouraged it.)	“Yes, Beatrice.” (Such a quaint name for his mother; she encouraged it.) “Dear, don’t think of getting out of bed yet.	(Such a quaint name for his mother; she encouraged it.)
think of getting out of bed yet.	(Such a quaint name for his mother; she encouraged it.) “Dear, don’t think of getting out of bed yet. I’ve always suspected that early rising in early life makes one nervous.	“Dear, don’t think of getting out of bed yet.
rising in early life makes one nervous.	“Dear, don’t think of getting out of bed yet. I’ve always suspected that early rising in early life makes one nervous. Clothilde is having your breakfast brought up.”	I’ve always suspected that early rising in early life makes one nervous.
early life	“Dear, don’t think of getting out of bed yet. I’ve always suspected that early rising in early life makes one nervous. Clothilde is having your breakfast brought up.”	I’ve always suspected that early rising in early life makes one nervous.
facile as Bernhardt’s.	“All right.” “I am feeling very old today, Amory,” she would sigh, her face a rare cameo of pathos, her voice exquisitely modulated, her hands as facile as Bernhardt’s. “My nerves are on edge—on edge.	“I am feeling very old today, Amory,” she would sigh, her face a rare cameo of pathos, her voice exquisitely modulated, her hands as facile as Bernhardt’s.
a rare cameo	“All right.” “I am feeling very old today, Amory,” she would sigh, her face a rare cameo of pathos, her voice exquisitely modulated, her hands as facile as Bernhardt’s. “My nerves are on edge—on edge.	“I am feeling very old today, Amory,” she would sigh, her face a rare cameo of pathos, her voice exquisitely modulated, her hands as facile as Bernhardt’s.
are on edge—on edge.	“I am feeling very old today, Amory,” she would sigh, her face a rare cameo of pathos, her voice exquisitely modulated, her hands as facile as Bernhardt’s. “My nerves are on edge—on edge. We must leave this terrifying place tomorrow and go searching for sunshine.”	“My nerves are on edge—on edge.
this terrifying place	“My nerves are on edge—on edge. We must leave this terrifying place tomorrow and go searching for sunshine.” Amory’s penetrating green eyes would look out through tangled hair at his mother.	We must leave this terrifying place tomorrow and go searching for sunshine.”
searching for sunshine.”	“My nerves are on edge—on edge. We must leave this terrifying place tomorrow and go searching for sunshine.” Amory’s penetrating green eyes would look out through tangled hair at his mother.	We must leave this terrifying place tomorrow and go searching for sunshine.”
green eyes	We must leave this terrifying place tomorrow and go searching for sunshine.” Amory’s penetrating green eyes would look out through tangled hair at his mother. Even at this age he had no illusions about her.	Amory’s penetrating green eyes would look out through tangled hair at his mother.
tangled hair	We must leave this terrifying place tomorrow and go searching for sunshine.” Amory’s penetrating green eyes would look out through tangled hair at his mother. Even at this age he had no illusions about her.	Amory’s penetrating green eyes would look out through tangled hair at his mother.
look out through tangled hair at his mother.	We must leave this terrifying place tomorrow and go searching for sunshine.” Amory’s penetrating green eyes would look out through tangled hair at his mother. Even at this age he had no illusions about her.	Amory’s penetrating green eyes would look out through tangled hair at his mother.
illusions about her.	Amory’s penetrating green eyes would look out through tangled hair at his mother. Even at this age he had no illusions about her. “Amory.”	Even at this age he had no illusions about her.
bear it, and just relax your nerves.	“Oh, yes.” “I want you to take a red-hot bath as hot as you can bear it, and just relax your nerves. You can read in the tub if you wish.”	“I want you to take a red-hot bath as hot as you can bear it, and just relax your nerves.
a red-hot bath	“Oh, yes.” “I want you to take a red-hot bath as hot as you can bear it, and just relax your nerves. You can read in the tub if you wish.”	“I want you to take a red-hot bath as hot as you can bear it, and just relax your nerves.
wish.”	“I want you to take a red-hot bath as hot as you can bear it, and just relax your nerves. You can read in the tub if you wish.” She fed him sections of the Fêtes Galantes before he was ten; at eleven he could talk glibly, if rather reminiscently, of Brahms and Mozart and Beethoven.	You can read in the tub if you wish.”
the Fêtes Galantes	You can read in the tub if you wish.” She fed him sections of the Fêtes Galantes before he was ten; at eleven he could talk glibly, if rather reminiscently, of Brahms and Mozart and Beethoven. One afternoon, when left alone in the hotel at Hot Springs, he sampled his mother’s apricot cordial, and as the taste pleased him, he became quite tipsy.	She fed him sections of the Fêtes Galantes before he was ten; at eleven he could talk glibly, if rather reminiscently, of Brahms and Mozart and Beethoven.
fed him sections of the Fêtes Galantes before he was ten; at eleven he could talk glibly, if rather reminiscently, of Brahms and Mozart and Beethoven.	You can read in the tub if you wish.” She fed him sections of the Fêtes Galantes before he was ten; at eleven he could talk glibly, if rather reminiscently, of Brahms and Mozart and Beethoven. One afternoon, when left alone in the hotel at Hot Springs, he sampled his mother’s apricot cordial, and as the taste pleased him, he became quite tipsy.	She fed him sections of the Fêtes Galantes before he was ten; at eleven he could talk glibly, if rather reminiscently, of Brahms and Mozart and Beethoven.
hotel at Hot Springs, he sampled his mother’s apricot cordial, and as the taste pleased him, he became quite tipsy.	She fed him sections of the Fêtes Galantes before he was ten; at eleven he could talk glibly, if rather reminiscently, of Brahms and Mozart and Beethoven. One afternoon, when left alone in the hotel at Hot Springs, he sampled his mother’s apricot cordial, and as the taste pleased him, he became quite tipsy. This was fun for a while, but he essayed a cigarette in his exaltation, and succumbed to a vulgar, plebeian reaction.	One afternoon, when left alone in the hotel at Hot Springs, he sampled his mother’s apricot cordial, and as the taste pleased him, he became quite tipsy.
a vulgar, plebeian reaction	One afternoon, when left alone in the hotel at Hot Springs, he sampled his mother’s apricot cordial, and as the taste pleased him, he became quite tipsy. This was fun for a while, but he essayed a cigarette in his exaltation, and succumbed to a vulgar, plebeian reaction. Though this incident horrified Beatrice, it also secretly amused her and became part of what in a later generation would have been termed her “line.”	This was fun for a while, but he essayed a cigarette in his exaltation, and succumbed to a vulgar, plebeian reaction.
succumbed to a vulgar, plebeian reaction.	One afternoon, when left alone in the hotel at Hot Springs, he sampled his mother’s apricot cordial, and as the taste pleased him, he became quite tipsy. This was fun for a while, but he essayed a cigarette in his exaltation, and succumbed to a vulgar, plebeian reaction. Though this incident horrified Beatrice, it also secretly amused her and became part of what in a later generation would have been termed her “line.”	This was fun for a while, but he essayed a cigarette in his exaltation, and succumbed to a vulgar, plebeian reaction.
a later generation	This was fun for a while, but he essayed a cigarette in his exaltation, and succumbed to a vulgar, plebeian reaction. Though this incident horrified Beatrice, it also secretly amused her and became part of what in a later generation would have been termed her “line.” “This son of mine,” he heard her tell a room full of awestruck, admiring women one day, “is entirely sophisticated and quite charming—but delicate—we’re all delicate; here, you know.”	Though this incident horrified Beatrice, it also secretly amused her and became part of what in a later generation would have been termed her “line.”
termed her “line.”	This was fun for a while, but he essayed a cigarette in his exaltation, and succumbed to a vulgar, plebeian reaction. Though this incident horrified Beatrice, it also secretly amused her and became part of what in a later generation would have been termed her “line.” “This son of mine,” he heard her tell a room full of awestruck, admiring women one day, “is entirely sophisticated and quite charming—but delicate—we’re all delicate; here, you know.”	Though this incident horrified Beatrice, it also secretly amused her and became part of what in a later generation would have been termed her “line.”
her “line	This was fun for a while, but he essayed a cigarette in his exaltation, and succumbed to a vulgar, plebeian reaction. Though this incident horrified Beatrice, it also secretly amused her and became part of what in a later generation would have been termed her “line.” “This son of mine,” he heard her tell a room full of awestruck, admiring women one day, “is entirely sophisticated and quite charming—but delicate—we’re all delicate; here, you know.”	Though this incident horrified Beatrice, it also secretly amused her and became part of what in a later generation would have been termed her “line.”
son of mine,” he heard her tell a room full of awestruck, admiring women one day, “is entirely sophisticated and quite charming—but delicate—we’re all delicate; here, you know.”	Though this incident horrified Beatrice, it also secretly amused her and became part of what in a later generation would have been termed her “line.” “This son of mine,” he heard her tell a room full of awestruck, admiring women one day, “is entirely sophisticated and quite charming—but delicate—we’re all delicate; here, you know.” Her hand was radiantly outlined against her beautiful bosom; then sinking her voice to a whisper, she told them of the apricot cordial.	“This son of mine,” he heard her tell a room full of awestruck, admiring women one day, “is entirely sophisticated and quite charming—but delicate—we’re all delicate; here, you know.”
her beautiful bosom	“This son of mine,” he heard her tell a room full of awestruck, admiring women one day, “is entirely sophisticated and quite charming—but delicate—we’re all delicate; here, you know.” Her hand was radiantly outlined against her beautiful bosom; then sinking her voice to a whisper, she told them of the apricot cordial. They rejoiced, for she was a brave raconteuse, but many were the keys turned in sideboard locks that night against the possible defection of little Bobby or Barbara.	Her hand was radiantly outlined against her beautiful bosom; then sinking her voice to a whisper, she told them of the apricot cordial.
told them of the apricot cordial.	“This son of mine,” he heard her tell a room full of awestruck, admiring women one day, “is entirely sophisticated and quite charming—but delicate—we’re all delicate; here, you know.” Her hand was radiantly outlined against her beautiful bosom; then sinking her voice to a whisper, she told them of the apricot cordial. They rejoiced, for she was a brave raconteuse, but many were the keys turned in sideboard locks that night against the possible defection of little Bobby or Barbara.	Her hand was radiantly outlined against her beautiful bosom; then sinking her voice to a whisper, she told them of the apricot cordial.
a brave raconteuse	Her hand was radiantly outlined against her beautiful bosom; then sinking her voice to a whisper, she told them of the apricot cordial. They rejoiced, for she was a brave raconteuse, but many were the keys turned in sideboard locks that night against the possible defection of little Bobby or Barbara. These domestic pilgrimages were invariably in state; two maids, the private car, or Mr. Blaine when available, and very often a physician.	They rejoiced, for she was a brave raconteuse, but many were the keys turned in sideboard locks that night against the possible defection of little Bobby or Barbara.
little Bobby	Her hand was radiantly outlined against her beautiful bosom; then sinking her voice to a whisper, she told them of the apricot cordial. They rejoiced, for she was a brave raconteuse, but many were the keys turned in sideboard locks that night against the possible defection of little Bobby or Barbara. These domestic pilgrimages were invariably in state; two maids, the private car, or Mr. Blaine when available, and very often a physician.	They rejoiced, for she was a brave raconteuse, but many were the keys turned in sideboard locks that night against the possible defection of little Bobby or Barbara.
the possible defection	Her hand was radiantly outlined against her beautiful bosom; then sinking her voice to a whisper, she told them of the apricot cordial. They rejoiced, for she was a brave raconteuse, but many were the keys turned in sideboard locks that night against the possible defection of little Bobby or Barbara. These domestic pilgrimages were invariably in state; two maids, the private car, or Mr. Blaine when available, and very often a physician.	They rejoiced, for she was a brave raconteuse, but many were the keys turned in sideboard locks that night against the possible defection of little Bobby or Barbara.
defection of little Bobby or Barbara.	Her hand was radiantly outlined against her beautiful bosom; then sinking her voice to a whisper, she told them of the apricot cordial. They rejoiced, for she was a brave raconteuse, but many were the keys turned in sideboard locks that night against the possible defection of little Bobby or Barbara. These domestic pilgrimages were invariably in state; two maids, the private car, or Mr. Blaine when available, and very often a physician.	They rejoiced, for she was a brave raconteuse, but many were the keys turned in sideboard locks that night against the possible defection of little Bobby or Barbara.
sideboard locks	Her hand was radiantly outlined against her beautiful bosom; then sinking her voice to a whisper, she told them of the apricot cordial. They rejoiced, for she was a brave raconteuse, but many were the keys turned in sideboard locks that night against the possible defection of little Bobby or Barbara. These domestic pilgrimages were invariably in state; two maids, the private car, or Mr. Blaine when available, and very often a physician.	They rejoiced, for she was a brave raconteuse, but many were the keys turned in sideboard locks that night against the possible defection of little Bobby or Barbara.
the private car	They rejoiced, for she was a brave raconteuse, but many were the keys turned in sideboard locks that night against the possible defection of little Bobby or Barbara. These domestic pilgrimages were invariably in state; two maids, the private car, or Mr. Blaine when available, and very often a physician. When Amory had the whooping-cough four disgusted specialists glared at each other hunched around his bed; when he took scarlet fever the number of attendants, including physicians and nurses, totalled fourteen.	These domestic pilgrimages were invariably in state; two maids, the private car, or Mr. Blaine when available, and very often a physician.
These domestic pilgrimages	They rejoiced, for she was a brave raconteuse, but many were the keys turned in sideboard locks that night against the possible defection of little Bobby or Barbara. These domestic pilgrimages were invariably in state; two maids, the private car, or Mr. Blaine when available, and very often a physician. When Amory had the whooping-cough four disgusted specialists glared at each other hunched around his bed; when he took scarlet fever the number of attendants, including physicians and nurses, totalled fourteen.	These domestic pilgrimages were invariably in state; two maids, the private car, or Mr. Blaine when available, and very often a physician.
very often a physician	They rejoiced, for she was a brave raconteuse, but many were the keys turned in sideboard locks that night against the possible defection of little Bobby or Barbara. These domestic pilgrimages were invariably in state; two maids, the private car, or Mr. Blaine when available, and very often a physician. When Amory had the whooping-cough four disgusted specialists glared at each other hunched around his bed; when he took scarlet fever the number of attendants, including physicians and nurses, totalled fourteen.	These domestic pilgrimages were invariably in state; two maids, the private car, or Mr. Blaine when available, and very often a physician.
pilgrimages were invariably in state; two maids, the private car, or Mr. Blaine when available, and very often a physician.	They rejoiced, for she was a brave raconteuse, but many were the keys turned in sideboard locks that night against the possible defection of little Bobby or Barbara. These domestic pilgrimages were invariably in state; two maids, the private car, or Mr. Blaine when available, and very often a physician. When Amory had the whooping-cough four disgusted specialists glared at each other hunched around his bed; when he took scarlet fever the number of attendants, including physicians and nurses, totalled fourteen.	These domestic pilgrimages were invariably in state; two maids, the private car, or Mr. Blaine when available, and very often a physician.
two maids	They rejoiced, for she was a brave raconteuse, but many were the keys turned in sideboard locks that night against the possible defection of little Bobby or Barbara. These domestic pilgrimages were invariably in state; two maids, the private car, or Mr. Blaine when available, and very often a physician. When Amory had the whooping-cough four disgusted specialists glared at each other hunched around his bed; when he took scarlet fever the number of attendants, including physicians and nurses, totalled fourteen.	These domestic pilgrimages were invariably in state; two maids, the private car, or Mr. Blaine when available, and very often a physician.
the whooping-cough four disgusted specialists	These domestic pilgrimages were invariably in state; two maids, the private car, or Mr. Blaine when available, and very often a physician. When Amory had the whooping-cough four disgusted specialists glared at each other hunched around his bed; when he took scarlet fever the number of attendants, including physicians and nurses, totalled fourteen. However, blood being thicker than broth, he was pulled through.	When Amory had the whooping-cough four disgusted specialists glared at each other hunched around his bed; when he took scarlet fever the number of attendants, including physicians and nurses, totalled fourteen.
totalled fourteen.	These domestic pilgrimages were invariably in state; two maids, the private car, or Mr. Blaine when available, and very often a physician. When Amory had the whooping-cough four disgusted specialists glared at each other hunched around his bed; when he took scarlet fever the number of attendants, including physicians and nurses, totalled fourteen. However, blood being thicker than broth, he was pulled through.	When Amory had the whooping-cough four disgusted specialists glared at each other hunched around his bed; when he took scarlet fever the number of attendants, including physicians and nurses, totalled fourteen.
scarlet fever	These domestic pilgrimages were invariably in state; two maids, the private car, or Mr. Blaine when available, and very often a physician. When Amory had the whooping-cough four disgusted specialists glared at each other hunched around his bed; when he took scarlet fever the number of attendants, including physicians and nurses, totalled fourteen. However, blood being thicker than broth, he was pulled through.	When Amory had the whooping-cough four disgusted specialists glared at each other hunched around his bed; when he took scarlet fever the number of attendants, including physicians and nurses, totalled fourteen.
pulled through.	When Amory had the whooping-cough four disgusted specialists glared at each other hunched around his bed; when he took scarlet fever the number of attendants, including physicians and nurses, totalled fourteen. However, blood being thicker than broth, he was pulled through. The Blaines were attached to no city.	However, blood being thicker than broth, he was pulled through.
attached to no city.	However, blood being thicker than broth, he was pulled through. The Blaines were attached to no city. They were the Blaines of Lake Geneva; they had quite enough relatives to serve in place of friends, and an enviable standing from Pasadena to Cape Cod.	The Blaines were attached to no city.
quite enough relatives	The Blaines were attached to no city. They were the Blaines of Lake Geneva; they had quite enough relatives to serve in place of friends, and an enviable standing from Pasadena to Cape Cod. But Beatrice grew more and more prone to like only new acquaintances, as there were certain stories, such as the history of her constitution and its many amendments, memories of her years abroad, tha	They were the Blaines of Lake Geneva; they had quite enough relatives to serve in place of friends, and an enviable standing from Pasadena to Cape Cod.
serve in place of friends, and an enviable standing from Pasadena to Cape Cod.	The Blaines were attached to no city. They were the Blaines of Lake Geneva; they had quite enough relatives to serve in place of friends, and an enviable standing from Pasadena to Cape Cod. But Beatrice grew more and more prone to like only new acquaintances, as there were certain stories, such as the history of her constitution and its many amendments, memories of her years abroad, tha	They were the Blaines of Lake Geneva; they had quite enough relatives to serve in place of friends, and an enviable standing from Pasadena to Cape Cod.
an enviable standing	The Blaines were attached to no city. They were the Blaines of Lake Geneva; they had quite enough relatives to serve in place of friends, and an enviable standing from Pasadena to Cape Cod. But Beatrice grew more and more prone to like only new acquaintances, as there were certain stories, such as the history of her constitution and its many amendments, memories of her years abroad, tha	They were the Blaines of Lake Geneva; they had quite enough relatives to serve in place of friends, and an enviable standing from Pasadena to Cape Cod.
history of her constitution and its many amendments, memories of her years abroad, tha	They were the Blaines of Lake Geneva; they had quite enough relatives to serve in place of friends, and an enviable standing from Pasadena to Cape Cod. But Beatrice grew more and more prone to like only new acquaintances, as there were certain stories, such as the history of her constitution and its many amendments, memories of her years abroad, tha	But Beatrice grew more and more prone to like only new acquaintances, as there were certain stories, such as the history of her constitution and its many amendments, memories of her years abroad, tha
only new acquaintances	They were the Blaines of Lake Geneva; they had quite enough relatives to serve in place of friends, and an enviable standing from Pasadena to Cape Cod. But Beatrice grew more and more prone to like only new acquaintances, as there were certain stories, such as the history of her constitution and its many amendments, memories of her years abroad, tha	But Beatrice grew more and more prone to like only new acquaintances, as there were certain stories, such as the history of her constitution and its many amendments, memories of her years abroad, tha
certain stories	They were the Blaines of Lake Geneva; they had quite enough relatives to serve in place of friends, and an enviable standing from Pasadena to Cape Cod. But Beatrice grew more and more prone to like only new acquaintances, as there were certain stories, such as the history of her constitution and its many amendments, memories of her years abroad, tha	But Beatrice grew more and more prone to like only new acquaintances, as there were certain stories, such as the history of her constitution and its many amendments, memories of her years abroad, tha
its many amendments	They were the Blaines of Lake Geneva; they had quite enough relatives to serve in place of friends, and an enviable standing from Pasadena to Cape Cod. But Beatrice grew more and more prone to like only new acquaintances, as there were certain stories, such as the history of her constitution and its many amendments, memories of her years abroad, tha	But Beatrice grew more and more prone to like only new acquaintances, as there were certain stories, such as the history of her constitution and its many amendments, memories of her years abroad, tha
